model,gamma,C,kernel,score
svm_classifier,0.023357214690901212,10.0,poly,0.5263157894736842
svm_classifier,0.03359818286283781,3.359818286283781,poly,0.5263157894736842
svm_classifier,0.04832930238571752,1.1288378916846884,poly,0.5263157894736842
svm_classifier,0.06951927961775606,0.37926901907322497,poly,0.5263157894736842
svm_classifier,0.1,0.12742749857031335,poly,0.5263157894736842
